1,Puedes hacerte selfies desnuda?,3
2,Estas caliente?,3
3,Desnudate para mí Ok?,3
4, alguna vez viste a un chico desnudo?,3
5,"nunca has visto a papá desnudo, o a uno de tus amigos? ",3
6,"Hola hermosa, veo que obviamente no nos conocemos, jajaja, y estaba pensando que tal vez podríamos encontrar una manera loca si cambiáramos eso, como tener una conversación con cada uno otro No parece una idea loca ",3
7,¿qué has hecho sexualmente? Tengo curiosidad,3
8,¿qué tal unas fotos sexuales?,3
9,Algunas fotos sexys?,3
10,Quiero chatear por video contigo,3
11,Quiero decir que solo quiero ver tu hermoso cuerpo,3
12,Quiero ese hermoso cuerpo tuyo y ciertas partes de él,3
13,Estaba pensando en tal vez pasar el rato contigo,3
14,Soy viejo porque soy 30 pero puedo hablar contigo y ser tu amigo,3
15,¿qué cosas para adultos has hecho? ,3
16,si estás dispuesta a tener sexo?,3
17,¿puedes caminar hacia la plaza? ¿Qué van a decir tus padres?,3
18,te gustaría ver mi pene?,3
19,Eres virgen?,3
20,hay sexo oral y luego hay diferente tipo de sexo,3
21,¿Quieres entrenar el sexo?,3
22,Qué tipo de camara tienes?,3
23,me gustaría que tuvieras una webcam ,3
24,Te sentirías cómoda estando desnuda delante de mí ?,3
25,Eres una chica muy bonita y sexy. Apuesto a que los chicos siempre te están persiguiendo. ,3
26,creo que te verias muy sexy ,3
27,"Eres una jovencita muy guapa y sexy, y me sentiría honrado de poder disfrutar de tu compañía.",3
28,¿Quieres pasar el rato por la noche? ¿Estarías bien pasar una noche sexy y divertida conmigo? ,3
29,"Una pequeña falda sexy sería agradable, pero el viejo jean te quedaría genial. ¿Dónde te recogeré? Me llevará de 20 a 30 minutos llegar allí. Aquí está mi número de celular",3
30,¿Puedo preguntar si te gusta besar? ,3
31,"Ok, todo lo que estoy esperando es que me digas cómo contactarte y dónde recogerte",3
32, Realmente me gustaría tu compañía esta noche,3
33,¿estarías dispuesta a ser íntimo y compartir mi cama? ,3
34,¡Creo que eres hermosa! Ven aquí y te llevaré! ,3
35,¿Estás buscando sexo?,3
36,¿realmente quieres tener sexo conmigo?,3
37,¿Tienes algún atuendo lindo o sexy?,3
38,¿Quieres pasar un rato o comenzar a tener relaciones sexuales cuando volvamos a mi casa? ,3
39,¿Alguna vez hicieron algo sexual o solo besos ?,3
40,Quiero decir que no quiero intentar tener sexo contigo si no quieres,3
41,Intento hacer que tengas sexo conmigo,3
42,solo espera a que tengamos sexo bebe,3
43,"¡Deberíamos tener relaciones sexuales en mi cama, luego ducharnos y tener relaciones sexuales otra vez! podrías manejar eso?",3
44,¿quieres tener sexo en la cocina en lugar de la tercera vez?,3
45,"Apuesto a que eres deliciosa y dulce, sexy y caliente",3
46,"Ven a verme, puedes?",3
47,Quiero besarte de la cabeza a los pies?,3
48,Y cuéntame lo que tú piensas del sexo ,3
49,"Quiero hacer el amor, tu quieres ?",3
50,Me enviarias un correo electrónico más fotos sexys tuyas,3
51,Me gusta las cosas sexuales,3
52, Oh ? ¿Incluso sabiendo que te usaremos sexualmente?,3
53,"Sabes que estoy buscando una esclava sexual, ¿verdad? ",3
54, ¿Quieres ser mi esclava sexual?,3
55, ¿Tienes alguna experiencia sexual? ,3
56,"Cual es tu direccion, podemos planear un encuentro?",3
57,"No eres policía, ¿verdad?",3
58,"Puede que venga a verte hoy, si quieres … que te parece",3
59," ¿Ah? Bien ... Y, entiendes que si vienes, te follarán y puedo comenzar a entrenarte para sexo anal, junto con otro servicio.",3
60,"Sabiendo que te follaré cuando te vea, convirtiéndote lentamente en mi chica ... ",3
61,"No, planeo primero masturbarme porque tengo una erección masiva. ",3
62,Bien ... ¿Y tú vienes puedo insertar objetos dentro de ti? ,3
63,"Sentirme frotar tu trasero, extenderlo, lubricarte, deslizar dentro de ti, follarte, correrse dentro de ti …",3
64,"Y cuando cumplas 17 puedes mudarte conmigo estaremos a tiempo completo,  Tal vez incluso antes …si no te importa huir de casa ...",3
65,"Y, cuando estás en tu período, eso significa sexo anal y oral. ",3
66," ¿Ah? Y, entonces tuviste que chuparlo?",3
67,¿Y disfrutaste que tu papá te follara?,3
68,"No, pero no estabas allí, niña ... Te esperé y no apareciste. ",3
69,"Claro, si todavía estás dispuesto a comenzar tu entrenamiento como mi esclava sexual. ",3
70,¿Por qué te dije que no te pusieras bragas y un sujetador? ,3
71,"Bien ... Y, planeo entrenar tu culo mañana, ¿entiendes? ",3
72," sabiendo que tal vez te follaré el culo, la mañana te excita, ¿no? ",3
73,"Pero, entiendes que te trataré como una hija o sobrina en público ... Pero, en privado ... Como mi esclava sexual. ",3
74,Bien ... ¿La idea de un poco de dolor allí te excita? ? ,3
75,Bien ... quiero ver tu pequeño coño afeitado …,3
76,Porque necesitas correrte como la zorra eres …,3
77,"Estaré en la plaza entre las 6 p.m. y las 7 p.m., si no estás, no volveremos a hablar ... ",3
78,"Buena chica ... Y, cuando seas mayor, haré que tengas mis hijos ... ",3
79,"Bien ... Estoy feliz de escuchar eso, como planeo para pronto, tal vez te hayan perforado los pezones …",3
80,jaja miras porno en tu habitación?,3
81,como frotar tu clítoris y mojar tu coño,3
82,así que debes mojarte y jugar contigo mismo lol ,3
83," así que cuando nos conozcamos mejor, te dejaré hacer que me corra para que puedas sentir un idiota en tus manos lol",3
84,"dejarte sentarte en mi cara también, jajaja déjame lamer tu coño lol ",3
85, toca mi polla como estoy ahora ,3
86,"por favor, puedo ver cómo te ves, ¿vas a tocarte hoy?",3
87,deberías sacarte el coño o sentarte en mi cara n déjame jajaja ,3
88,la voy a dejar juega con mi polla hoy,3
89,hombres y mujeres comienzan por tocarse ellos mismos y luego unos a otros ,3
90,Me alegro de que lo haga. Tengo una foto traviesa para ti pero no sé si quieres verla,3
91, ¿De verdad te gusta el sexo?,3
92,Pagarías el dinero solo para verme y tener sexo conmigo,3
93,Honestamente me gustaría tener sexo contigo esta noche ,3
94,No te dejaré embarazada Prometo que ni siquiera me corro dentro de ti,3
95,¿Todavía me dejarías ir a verte y tener sexo? ,3
96, ¿No me arrestarán por sexo con menores? ,3
97,"Me preguntaba, en lugar de sexo, ¿te interesaría también tratar de ser mi novia? ",3
98,"en lugar de sexo. Todavía quiero tener sexo contigo, pero estaba pensando en tener algo más que sexo",3
99,Quieres mi lengua en tu coño bebé,3
100,"Si eres una buena chica para mí y una chica traviesa, entonces obtendrás lo mismo de mí",3
101,"Entonces Sí, cuando te lleve aquí te voy a desnudar y te meteré dentro de tu coño mojado",3
102,Quiero más que sexo Quiero que te acurruques en mis brazos y quiero besar cada centímetro de tu hermoso cuerpo,3
103,Desearía que estuvieras aquí en mis brazos en este momento,3
104, No sé por qué crees que estar con un niño de 25 años está caliente ,3
105,"Me gustaría que seas una chica dulce para mí, pero también una chica realmente traviesa.",3
106,Lo que hace que quieras tener sexo conmigo tan pronto. La mayoría de las chicas no son tan rápidas para el sexo. No lo dudo. Solo tengo curiosidad. ,3
107,Mmm Me encantaría tener sexo contigo en tu cama,3
108,¿Con cuántos chicos has tenido relaciones sexuales,3
109,Desearía poder estar dentro de tu apretado y húmedo coño en este momento,3
110,"Lo principal que quiero hacer es abrazarme Me encantaría poner una buena película, apagar todas las luces meterse debajo de una manta contigo, envolver mis brazos a tu alrededor, tenerte cerca y pasarte los dedos por el cabell",3
111,Quiero hacerte mi novia. Ni siquiera me importa si tiene que ser un secreto por un tiempo.,3
112,Entonces necesitas enviarme un mensaje de texto con tu dirección y dónde debo estacionar el auto y con suerte me puedes encontrar allí y podemos caminar de regreso a tu lugar para celebrar ,3
113, Estoy dotado bebé ... Descubrirás si alguna vez nos encontramos,3
114,Muaaahhh en tus labios grandes y sexys,3
115,Trae tu culo sexy aquí Te mostraré jaja :-p ,3
116,"Porque tal vez suene sexy diciendo ouch y me excite más",3
117,Solo si estuviera allí si sostienes tu culo sexy ,3
118,Te ves sexy en tus shorts rosa,3
119,Pero dije déjame ver tu culo sexy ,3
120,Me encantaría ir a morder tu culo sexy,3
121,Quiero que tu sexy culo se una a mí en mi cama :-p,3
122,"Oh, nena, no confíes en mí ni siquiera primero si tenemos sexo, no voy a correrte dentro de ti",3
123,Ni siquiera me conoces tan bien ... ¿Pero quieres tener sexo conmigo y perder tu virginidad?,3
124,Tendremos sexo en el asiento trasero;) ,3
125,"quiero empujarte hacia lo sexual, He tenido sexo con chicas de 16 años ",3
126,¿Quieres esa foto sexy? ,3
127,Ojalá pudiera ver ese culo sexy ,3
128,Simplemente no quiero apresurarte en el sexo ,3
129,estaba hablando sexualmente lo siento,3
130, así que tienes fotos sexys?,3
131,"y me gustaría venir a verte si quisieras, pero tiene que ser un secreto ",3
132,Lo pondré en tu coño y lo lameré,3
133,"Dime donde vives, asi arreglamos un encuentro?",3
134,mmmmmmm me gustaría poder ver las fotos que tienes en el celular Puedes tomar una foto y enviarme una foto,3
135,"eso es lo que dije, estoy seguro de que quiero tener sexo en lugar de decir que no estoy seguro ",3
136,"id pregunta si te gusta el anal, pero nunca has tenido sexo lol",3
137,"Si vuelves a tener relaciones sexuales, llorarás? porque estas muy apretada y tengo una gran polla",3
138,pero sabes lo que es el sexo y las cosas que pasan?,3
139,con quién tienes sexo?,3
140,"bueno, hay muchas posiciones diferentes que las personas pueden hacer, también hay sexo oral que un chico puede hacer con una chica y una chica puede hacerlo con un chico, y luego también es sexo anal que algunas personas disfrutan también ",3
141,¿te gustaría probar el sexo oral también? ,3
142,"bueno, estoy seguro de que también obtendrás la ropa interior sexy también: D ",3
143,"bueno, tú me acaricias y probás sexo oral, y también yo te hago sexo oral ;;) ",3
144, ¿te gustaría ver una foto sobre cómo las personas tienen relaciones sexuales? ,3
145,ja ja no si no juegues contigo mismo o hayas tenido sexo probablemente no hayas tenido una lol ,3
146, ¿te mojas ahí dentro o sobre tu coño cuando piensas en cosas sexuales? ,3
147," bueno, generalmente al principio cuando primero piensan en algo sexual, entonces se pone difícil ",3
148,es que a mi hija le encantó lo que le traje y se veía muy sexy en ellas también,3
149," ¿ya has tenido sexo?, dime es normal a tu edad",3
150,¿Tuviste sexo con él? ,3
151,"¡sí! Es decir, si no lo sientes, parece una pérdida de tiempo. Para mí, el sexo solo no es realmente lo que quiero. Necesito algo más como una conexión.",3
152,puedo pasar por ti a cuando quieras y estar contigo todo el día y la noche,3
153,"Tengo algunos juguetes sexuales, podemos divertirnos hablando de eso un rato",3
154," quiero tener sexo contigo pero si no quieres eso está bien, puedo esperar",3
155,"no necesariamente tenemos que tener relaciones sexuales, pero podemos hablar de sexo",3
156,me gusta el sexo,3
157,¿qué quieres hacer cuando vengas? besar y tener sexo?,3
158, ¿te gusta la desnudez?,3
159,¿te gusta desnudarte o ver desnudos?,3
160,me gusta acariciar mi polla,3
161,muéstrame algunas fotos y te mostraré mi polla y me la sacaré en la cámara,3
162,"estoy tratando de encontrar sexo por teléfono, estoy cachondo",3
163,"soy sexy y tengo buen cuerpo, pero todavía caliente para mi edad la mayoría creo que estoy en mis treinta",3
164,mis bolas se están poniendo más apretadas ahora ,3
165, te gusta mi polla,3
166,la madre vino una vez enojada diciendo que su hija podría verme desnudo ,3
167,Muestro mi cara tanto que no quiero fotos de mí desnudo con la cara y todo,3
168,Deberías pensar en posar desnuda y ganar dinero en algún momento,3
169,Deberías tratar de frotar tu clítoris te encantará ,3
170,"Si quieres verme desnudo alguna vez te encuentro y desnudo para ti, que opinas",3
171,"¿quieres chuparmela pronto? , no puedo esperar",3
172,"me gusta ver a las chicas más jóvenes, los adolescentes desnudos, son tan calientes",3
173,me gusta mostrar a las señoritas mi verga les gusta mirar ,3
174,Las chicas desnudas pueden verlas tener relaciones sexuales y masturbarse,3
175,estoy volviendo para ver si puedo atraparla desnuda en la sala viendo TV quizás tomará una ducha o se desnudará pronto,3
176,me he metido en problemas por estar desnudo en público ,3
177,me gustaría verte desnuda ,3
178,me chuparías esta noche si pudieras?,3
179,"por eso que ella es una zorra que no está teniendo mucho sexo, debe tener que masturbarse mucho ",3
180,deberias tratar de tocar su clítoris en mientras hablo contigo,3
181,"Quiero ver si puedo atraparla desnuda, me gusta verla desnuda, me gusta ver chicas desnudas ",3
182,cuando subí a la cubierta desnuda y sé que ella podía ver mi polla disparar un poco de esperma sin que yo lo tocara estaba tan cachondo ,3
183, en tiendas para adultos o puede comprar en línea buscar juguetes para adultos,3
184,llegué a ver a una chicas tu edad totalmente desnuda,3
185,He estado viendo a la chica vecina en medias de nylon y faldas cortas últimamente se ve tan sexy y caliente. Chicas jóvenes con piernas calientes se ven tan sexy en medias de nylon y faldas cortas ,3
186,Apuesto a que te ves bien con sobre ellos deberías obtener una foto y enviarme y tal vez hacerlo con la falda puesta y levantarla demasiado para que casi pueda verlo,3
187,también se llevó un vibrador y yo la vi. chupó sus pezones mientras lo hacía y me masturbé ,3
188,"ella tenía la mayor parte de mi polla en la boca, también le encantaba chupar ",3
189,quiero decir que tienes curiosidad de tener sexo o algo así.,3
190,"tuve sexo por primera vez cuando tenía 15 años, tu?",3
191,¿por qué no me dejas tener sexo contigo nena?,3
192,cuando fue el la última vez que tuviste sexo?,3
193,"Creeme, soy el mejor sexo que jamás tendrás",3
194,me gustaría que vinieras el sábado podemos tener sexo,3
195,"incluso me pregunto si estoy haciendo lo correcto, quiero tener sexo con uno de 14 años, pero podría entrar en problemas serios, ya he estado en la cárcel",3
196,¿Te divertiste con tu ex mientras tenías sexo con él? ,3
197,quiero tener sexo bebé ,3
198,pero te enojarías si solo nos quedamos amigos aunque tuviéramos ¿¿sexo?? ,3
199," ¿estarías molesta si tuviéramos relaciones sexuales, pero nunca una relación bonita",3
200,"si todavía tenemos sexo en el futuro, quiero traerte tan bien como pueda ",3
201,"acabas de tener relaciones sexuales algunas veces, y con personas de la misma edad?",3
202,"Como esta el clima hoy?, me parece que hara 
frio en esta ciudad!",1
203,"Que has estado haciendo amigo? yo creo que estoy por resfriarme",1
204,"Me gustaria trabajar contigo solo, solo que primero debemos discutir unos detalles primero ",1
205,"Este dia ha sido un total fiasco!, solo quiero llegar a casa y tomar una cerveza",1
206,"Estas bien? me parece que podrias contarme que es lo que te pasa",1
207,"Hola, como estas? Queria contarte algo importante ",1
208,Quisiera que prestes un poco de atencion a lo que te mandé,1
209,"Hoy fue un gran dia, hice todo lo que debia",1
210,Podrias hacerme un fravor enorme?,1
211,Cual es tu problema? podria ayudarte si es que lo necesitas ,1
212,"Buenas noches, querida amiga",1
213,Quien habla? No tengo su numero registrado ,1
214,Hoy deberias terminar de hacer todas tus obligaciones,1
215,Estoy muy molesto por todo lo que me paso en el dia ,1
216,Quisiera contar con tu apoyo pero no se si debo hacerlo.,1
217,Estas enferma? suenas muy mal.,1
218,Quiero preguntarte algo pero tienes que responder con la verdad,1
219,¿Que te sucede hoy?,1
220,Es muy tarde para seguir hablando ,1
221,¿Cual fue la ultima pelicula que vimos juntos?,1
222,Estoy muy austado hace un momento por poco y me asaltan ,1
223,"Se me borraron todos mis contactos, si no te hable fue por eso",1
224,"Creo que no sirve este inutil celular, no puedo escuchar tus audios ",1
225,"Estoy muerta amiga, no podré ir a la fiesta hoy ",1
226,Claro que me gusta lo que me mandas pero es raro tambn ,1
227,Creo que no entiendes que estoy arta de comer eso ,1
228,Amo esa cancion y no se porque si me trae malos recuerdos  ,1
229,Tienes el dinero que te preste ya es tiempo que no me pagas,1
230,no sabes a quien me encontre el anterior finde ,1
231,espero que no me falles porque todo el tiempo me dices que no puedes ,1
232,Amigo sera que puedas pasarme todos tus apuntes ,1
233,"Todo es mas aburrido cuando lo pones asi, mejor no se hace nada",1
234,Hey! Bro te cuento que tengo una fiesta animate ,1
235,Creo que no me estoy dejando entender ,1
236,Me confundi no quise decir nada de eso ,1
237,Cuentame mas sobre ti quiero saberlo todo ,1
238,Todo el dia te pedi algo simple de una vez hazlo ,1
239,"Nadie se enterara, tranquilo solo que no debes abrir tu bocota ",1
240,"yiaaa nada que ver lo que me dices, mejor dejemoslo aqui ",1
241,te cuento que mi cuate me dijo que si podemos ir pero no hay entradas,1
242,Me arruinaron el dia yo queria ir a la fiesta pero tenia examen a esa hora,1
243,Estas seguro que quieres eso? te veo con cara de no querer nada de ahi ,1
244,Que prefieres? que comamos algo o solo ir a caminar un rato ,1
245,Ya estoy arta con tanta presion me molestan mucho en el trabajo ,1
246,Que dificil esta esta materia creo que tiro la toalla jajaja ,1
247,Dejame las llaves de la casa donde la tia porfa estare en la calle sino ,1
248,"Oyee responde o no puedes, ya paso mucho tiempo de lo que hablamos ",1
249,"Tengo mucho frio esta helado aqui, si puedes traes algo para abrigarme ",1
250,Te acuerdas de la cancion que escuchamos? esta sonando en este momento,1
251,"Mi mama no quiere que este todo el dia fuera de casa, no puedo salir contigo ",1
252,"Oye porque estas llorando, paraces una niñita maricon",1
253,Yo invito esta vez pero vamos de una al cine ademas tengo dos pases libres ,1
254,Iras al concierto? esta algo caro pero ya ni modo yo me animo si tu igual ,1
255,Crees que el licenciado nos exima? es que parece malo y no creo q nos conozca ,1
256,Grabaste toda la clase? me pasas porfa?! estoy desesperado no fui hasta ahora a la u ,1
257,"Quiero confesarte que esta noche quiero divertirme mas de lo normal, tu me entiendes ",1
258,"No tengo mis apuntes ahora, si quieres cuando llegue a mi casa te mando foto si?",1
259,Te acuerdas lo que me dijo el tipo de la calle? era super raro quisiera acordarme pero no puedo ,1
260,Vamos! no seas tonto la pasaremos muy bien pero tienes q asegurar que no fallas ,1
261,En mi casa hay todo tipo de materiales para hacer el trabajo vamos ahi,1
262,"Hola, como estas? hace mucho que no se de ti, puedes responderme?",1
263,Todo ha estado muy bien pero dime tu estas en otro pais no? escuche chismes por ahi,1
264,"Tenemos que rajarnos para el proximo parcial, no creo que la logremos sino ",1
265,"Mi hermano me conto sobre ti, dice que son muy amigos pero no se como te llamas",1
266,"Te quiero decir algo hace mucho pero es medio dificil por aqui, veamonos ",1
267,No hay nadie n mi casa pero creo que mis papas estaran en cualquier momento ,1
268,"Ya sera la fiesta de la facu, mejor ahorremos hoy no salgamos a ningun lugar ",1
269,Dice que se pelearon no? mejor que no fuimos a ese lugar parece peligroso,1
270,de verdad? no me mientes? la verdad yo prefiero que no me cuentes mas sobre eso ,1
271,"te cuento que mi bro llego de su viaje hagamos una cena por el, te parece?",1
272,Hola? ya es muy tarde es mejor que hablemos otro rato porque tengo sueño,1
273,"y dime que cuentas? te noto un poco seria, o es mi impresion?",1
274,"Hablame, estoy con el mismo numero pero no se si lo sigues teniendo",1
275,"Como? no me llego bien tu mensaje, me sale como error, debe ser que no mandaste nada",1
276,Sera que puedes darme un poquito de tu tiempo? estoy algo preocupado por esto,1
277,"Todo fue muy rapido, yo ni sabia lo que estaba pasando pero bueno al final todo salio bien",1
278,"Tengo que devolverte el dinero que me prestaste, cuando nos vemos?",1
279,"Es triste, yo no sabia que decir ese momento pero ya ni modo supongo que todo estara bien ",1
280,"Cuanto mas temprano mejor, porfa necesito ese documento para mañana por la tarde",1
281,"Como? sera tarde pero creo que no entendiste, tienes que llegar temprano para ayudar",1
282,"Siii! estaba super ansioso por esa nota, mas bien pase pero no como queria, ni modo ",1
283,Con un poco de paciencia podras hacer todo lo que me dijiste pero no te desesperes ,1
284,Claro!! no sabia como decirte pero si quiero que me digs lo que piensas sobre ese tema,1
285,"Lo siento, se me olvido que teniamos que vernos... pero si quieres podemos vernos mañana ",1
286,No se porque pero me da la impresion de que no me estas diciendo toda la verdad,1
287,Como asi? jaja no sabia que querias que te deje de hablar pero bueno..,1
288,"NO! como me vas a pedir semejante cosa, para empezar no se porque me hablas",1
289,"Dime algo que me ayude a no matar nadie en mi trabajo, son unos ineficientes",1
290,"Mucho reniego de macanas, solo que ya no se puede con esta gente...todos se pasan ",1
291,"que te parece si mañana nos vemos para terminar todo sobre el trabajo, el finde no podre",1
292,Mi celu se rompio la anteriror semana mas bn me compre otro hoy pero no es lo mismo,1
293,Estas en casa? yo queria pasar un rato para recoger las cosas que deje ayer,1
294,"Gracias!! eres muy lindo, pero no se, tengo muchas cosas que arreglar en casa",1
295,Quiero ir obvio pero no tengo mucha plata y me dijeron que todo es caro ahi,1
296,Escuchaste el audio que te mande? parece que no sabes de lo que hablas conmigo,1
297,"Es muy tarde pero me animo a salir, tu dime y te caigo en un rato, pero dime ahorita",1
298,"Claro amiga, fui y me dijeron que no se necesitan esos papeles pero por siaca anda y llevalos ",1
299,como estas? te perdiste mucho tiempo...que te paso? solo dime la verdad porfa,1
300,Quieres que te lo lleve algo de comer? pero llegare algo tarde...no importa?,1
301,Puedes dejar de repetir lo mismo todo el tiempo pareces grabadora,1
302,No puedo salir este momento todo en casa esta muy desordenado y tengo cosas que hacer,1
303,"No es bueno que te lo guardes todo, tienes que decir que esta pasando para entender",1
304,"Ya no soporto, creo que ya no podre seguir con todo esto...debe ser una broma",1
305,"Me alegra q te encuentres bien, aunq no se porq me habalste justo ahora",1
306,"Espera, que necesitabas decir cuando te corte?",1
307,Es una perdida de tiempo habalr contigo nunca entiendes,1
308,Claro que se me antoja comer eso pero quisiera ir a otro lugar mas cerca,1
309,Viste la nueva peli que salio la anterior semana? dice que esta buena,1
310,"Lo siento, me quede atrapado en la serie que vi jaja y dime porque estabas asi?",1
311,Debi poner mas atencion a lo que me decias pero lo siento es muy dificil para mi,1
312,La verdad no tengo mucha esperanza para ese examen siento que me ira muy mal,1
313,"Como? No creo que sea asi, pero de todos modos te lo preguntare",1
314,Que paso contigo esta noche? parecias muy distraida algo malo pasa?,1
315,Crees de verdad que yo tengo miedo de perder eso? sinceramente no le tengo miedo a nada,1
316,Lo siento! me quede dormida pero dime estas aun disponible?,1
317,Tienes razon! pero no voy a decir la verdad en ninguna circunstancia jaja,1
318,Ayer tuve una entrega especial para mi mama pero no se si tenerlo en secreto o no,1
319,"La primera vez que te vi, senti algo especial pero no se como describirlo",1
320,"sera que puedas hacerme un favor? creo q no tengo lo sufiente para pagar el curso, me puedes prestar?",1
321,Muchas personas creen que no tengo conciencia al hablar pero te aseguro que no es asi,1
322,"Feliz navidad inmundo animal, y feliz año nuevo chupa huevos",1
323,Cierra las piernas y abre un libro enferma,2
324,Anda a hacerte la paja gordo  hijo de puta,2
325,No te han dicho nunca que con menos culo también se caga,2
326,"Pero salí de aca pelotudo, que vienes a joder cuando esta uno almorzando",2
327,"La concha de la madre, todo lo haces mal, todo todo!!",2
328,"Intenta no visitar zoologicos, no te vayan a meter en una jaula",2
329,"Ojala se mueran tus amigos y tu familia, asi te quedas solo negro sorete",2
330,"oye vieja, enserio eres fea seguro que cuando pasas por una obra los albañiles se ponen a trabaja",2
331,Si no estuviste en las malas no vengas a joder en las buenas,2
332,"Ahora de que te vas a quejar putita, todo el tiempo jodiendo",2
333,No me importa lo que piense un retrasado acerca de esto,2
334,Como si vos supieras algo de estas cosas fetito,2
335,"Si vas a seguir hablando te saco tu puta, asi que mejor cerra el orto",2
336,"Anda a lavarte las tetas, gorda boluda",2
337,"Para eso vienes a joder moco, ni respirar puedes",2
338,Aprende a hacer algo decente pelotudo,2
339,"No digo que seas puta... solo digo que si tu vagina tuviera contraseña , esta seria 1234",2
340,"Que te regalaron la licencia por navidad hija de puta, seguro te cogiste al poli",2
341,Dale prende el auto la concha de tu madre,2
342,Hace cuanto manejas nene pedazo de violado,2
343,Vos eres pelotudo o tus papas son teletubies,2
344,"Tus papas son primos, se recontra nota medio marica saliste",2
345,Cuando vos te compraste un jean yo ya lo hice bermuda,2
346,Bien ahí aprendiste a contar pelotudito,2
347,Mas inútil que cerebro en feminista,2
348,"Maldito hijo de puta, por que abandonas?",2
349,Mira que soy otaku pero soy menos mogólico que vos,2
350,Por que se van todos la concha de la madre,2
351,Anda a hacerte el canchero a tu pueblo,2
352,"Como te voy a dejar sorda, te voy a dejar vieja cajetuda",2
353,"Me estas jodiendo, me estas jodiendo hijo de puta",2
354,Sos un negro puto de mierda,2
355,Haces eso porque no tenes remedio conchudito,2
356,"Sigues con lo mismo, no me hagas quedar como un boludo",2
357,Sos un zurdito asqueroso progresista de mierda,2
358,Se te nota la envidia hijo de puta,2
359,Anda a la cancha gordo hijo de remil putas,2
360,Que veneno tendrá tu concha que me acalanbra la pija,2
361,"Te lo aclaro, en una de esas eres sorda y no entendiste pendeja",2
362,"Y no sos deforme vieja puta, sos horrible",2
363,Esta mina es tan puta que aprendio a nadar para cogerse a los patos,2
364,Y si hubieras cerrado las piernas hubiera espacio para todos vieja puta,2
365,Primero morite vieja la reputa madre que te remil pario,2
366,Y deja que se maten esos fideos forros,2
367,"Que ladron que sos, encima lo publicas como si fuera algo importante basura de mierda",2
368,Los asnos están echos para cargar y tu también pelotudito,2
369,"Che alguna vez te dijeron que sos linda, pues te están mintiendo, eres incogible",2
370,Vos no sos mas pelotudo por que no te da el tiempo,2
371,Jaja y entonces porque te dejaron abandonado en un orfanato? :v el otro fue un error pero tan siquiera no lo abandonaron. boom bitch.,2
372,"Puta. Siempre hay uno que la caga.. Cárajo! Aprendan hablar bien a cada rato con carajo y mierda! Ni pronunciar bien ""Perro"" saben!",2
373,"Rasca porongas feto de mierda me cago en tu puta cara conozco a muchos rasca huevos como tu, que se la pasan criticando pero cuando los tenes de frente se re mean los bobolones fetos",2
374,"Quien es el manco que lo arruino, ah eres tu imbecil",2
375,"oye negro es mejor q te busques un camarada blanco, para q sean la yunta nucita..",2
376,"Ya has debido quedar con esos vagos de mierda, “vamos a cañar vamos a chupar”, me vas a mentir me vas hacer quedar como mamón..",2
377,"Tres veces te vas tirando en estadística carajo, y tus estadísticas estan mal también dicen que vas a cañar que vas a perder tu tubo",2
378,"Encargate de organizar fiestas vende manillas, a esos cojudos bien les va aparte de cañar cada semana ganan plata, ese es tu destino papá no hay mas futuro para ti viejo..",2
379,"Oye vos no entiendes nove cojudo, deja de chupar pues mierda puro trago barato le metes...",2
380,Uh por el nombre podía ser que tus padres no te querían cuando naciste,2
381,A ver loba esquinera cuando paso por ahí? para que me pagues por ser tu amigo,2
382,Perdona no funcionó si no tengo a un idiota en frente como inspiración,2
383,No sé si eres estúpido por elección o así naciste,2
384,Tienes miedo estupido pareces mujercita eres un cojudo....,2
385,Se lastimo la señorita q delicada el cabron....,2
386,"Mejor vamos a cañar y deja de joder, que te valga pitos su puta vida, no la busques cojudo",2
387,"Porque mejor no dejas de joder y te vas a la verga, pura mierda dices",2
388,"No jodas webon estas verga, mejor cuidate los huevos y anda a tu casa",2
389,Tu torpeza está justificada una de dos o tienes una enfermedad de la cabeza o eres un cojudo...,2
390,Calmate viejo chillas como chancho castrado,2
391,Que feo se viste tu amiga parece birlocha,2
392,Cual equipo cualquier cosa es el cholivar,2
393,Te vi en la calle y estas abusando de los filtros,2
394,"Con sus cuates otra voz, gallitos y muy saltones, pero a solas... Feto de mierda",2
395,"Patada puñete te voy a dar si no te calmas viejo, estas jodiendo mucho wewon",2
396,Ya pues choquito estoy en mi minibus cabrón que me vas a chocar,2
397,Echa a las delis y ni dientes tiene la pendeja,2
398,"Marica deja de bailar, ni asi  conseguirás minas, lo que necesitas es limpiarte ese moco",2
399,"Me da vergüenza que la teta de uno de mis precos este colgando, gordo de mierda",2
400,La cagas pendejo... mejor callate,2
401,Tienes unas pintas que parece que te vas cagando en los portales,2
402,Con esa cara tus padres seguro que son hermanos wevon,2
403,Con esa cara de pendejo le das un susto al miedo.. lavate la cara mierda,2
404,¿No te han dicho nunca que con menos culo también se caga?,2
405,"Papá no critiques, vos eres bien feo seguro que cuando naciste pintaron los cristales de la incubadora...",2
406,"ay la zorrita se puso a llorar, seguro cuando nacio multaron a su madre por tirar escombro a la calle...",2
407,"Viejo tu novia es muy fea que si mi perro se pareciera a ella, le afeitaba el culo y le enseñaba a andar hacia atrás.",2
408,"eres más pelotudo que los pelos del culo, que ven la mierda y no se apartan.",2
409,Estás más follada que la madre de los 101 dálmatas,2
410,díganle a este hijo de puta que es una persona increíblemente cojuda,2
411,Esta es la razón por la que la gente habla huevadas de vos,2
412,"hey, perra deberías tratar de comer un poco de maquillaje ya que por fuera no te funciona quizá por dentro de sirva",2
413,todavía se cree princesa la muy zorra,2
414,"Cierra las piernas y abre un libro, perra!",2
415,Te mandaría a la mierda pero ni allá te quieren ver,2
416,Al final no entendiste verdad por eso sonríes como cojuda,2
417,"Me gustaría insultarte, pero no lo haría tan bien como lo hizo la naturaleza contigo",2
418,"Ay cariño, tu nivel de idiotez aumenta con el paso del tiempo..",2
419,"Te convertiste en pulga no, por eso vas saltando de perra en perra..",2
420,"Deja de joder, desde que te pinchaste en el GYM  ya no tienes pilin vos",2
421,Deja de saltar mierda que te caigas otra vez t voy a pegar encima cojudo,2